user,hashtag,tweet_id,date
daunegnc,AlmostaSelfiewithHoda,963422566236016640,Tue Feb 13 14:40:13 +0000 2018
daunegnc,pyeongchang2018,963422566236016640,Tue Feb 13 14:40:13 +0000 2018
bidan04,EXOL,963422339399483393,Tue Feb 13 14:39:19 +0000 2018
bidan04,BestFanArmy,963422339399483393,Tue Feb 13 14:39:19 +0000 2018
bidan04,iHeartAwards,963422339399483393,Tue Feb 13 14:39:19 +0000 2018
KarinFrick,os,963422021714698243,Tue Feb 13 14:38:04 +0000 2018
KarinFrick,sprint,963422021714698243,Tue Feb 13 14:38:04 +0000 2018
KarinFrick,guld,963422021714698243,Tue Feb 13 14:38:04 +0000 2018
jw010402,트위터,963421704570658816,Tue Feb 13 14:36:48 +0000 2018
jw010402,어렵다,963421704570658816,Tue Feb 13 14:36:48 +0000 2018
jw010402,노래추천,963421704570658816,Tue Feb 13 14:36:48 +0000 2018
jw010402,노래,963421704570658816,Tue Feb 13 14:36:48 +0000 2018
jw010402,띵곡,963421704570658816,Tue Feb 13 14:36:48 +0000 2018
jw010402,허각,963421704570658816,Tue Feb 13 14:36:48 +0000 2018
jw010402,플랜에이,963421704570658816,Tue Feb 13 14:36:48 +0000 2018
jw010402,일상,963421704570658816,Tue Feb 13 14:36:48 +0000 2018
jw010402,소통,963421704570658816,Tue Feb 13 14:36:48 +0000 2018
jw010402,좋아요,963421704570658816,Tue Feb 13 14:36:48 +0000 2018
jw010402,daily,963421704570658816,Tue Feb 13 14:36:48 +0000 2018
jw010402,맞팔,963421704570658816,Tue Feb 13 14:36:48 +0000 2018
jw010402,선팔,963421704570658816,Tue Feb 13 14:36:48 +0000 2018
jw010402,팔로우,963421704570658816,Tue Feb 13 14:36:48 +0000 2018
jw010402,사진,963421704570658816,Tue Feb 13 14:36:48 +0000 2018
jw010402,고딩,963421704570658816,Tue Feb 13 14:36:48 +0000 2018
BrianCurtisNBC5,TeamUSA,963421602107895808,Tue Feb 13 14:36:24 +0000 2018
BrianCurtisNBC5,hockey,963421602107895808,Tue Feb 13 14:36:24 +0000 2018
neolive3416,NewProfilePic,963421516909064199,Tue Feb 13 14:36:03 +0000 2018
EB__23,Fourcade,963419737962135552,Tue Feb 13 14:28:59 +0000 2018
EB__23,Bjoerndalen,963419737962135552,Tue Feb 13 14:28:59 +0000 2018
HockeyAnalytics,Pyeongyang2018,963419725484077056,Tue Feb 13 14:28:56 +0000 2018
Sehun94tenten,ElyXioninBKK,963419610052640768,Tue Feb 13 14:28:29 +0000 2018
ElizabethSwaney,parkcity,963419400681517057,Tue Feb 13 14:27:39 +0000 2018
ElizabethSwaney,roommates,963419400681517057,Tue Feb 13 14:27:39 +0000 2018
ElizabethSwaney,Olympicvillage,963419400681517057,Tue Feb 13 14:27:39 +0000 2018
TSNScianitti,PyeongChang2018,963418970949931009,Tue Feb 13 14:25:56 +0000 2018
IIHFHockey,USA,963418704670175232,Tue Feb 13 14:24:53 +0000 2018
IIHFHockey,PyeongChang2018,963418704670175232,Tue Feb 13 14:24:53 +0000 2018
IIHFHockey,IceHockey,963418704670175232,Tue Feb 13 14:24:53 +0000 2018
ExGDym0o6in1iVy,iHeartAwards,963418497551253504,Tue Feb 13 14:24:03 +0000 2018
ExGDym0o6in1iVy,BestFanArmy,963418497551253504,Tue Feb 13 14:24:03 +0000 2018
ExGDym0o6in1iVy,BTSARMY,963418497551253504,Tue Feb 13 14:24:03 +0000 2018
jterdimanUSA,TeamUSA,963418175634210816,Tue Feb 13 14:22:47 +0000 2018
jterdimanUSA,PyeongChang2108,963418175634210816,Tue Feb 13 14:22:47 +0000 2018
Ireenw,medalplaza,963418167329677313,Tue Feb 13 14:22:45 +0000 2018
Ireenw,olympics,963418167329677313,Tue Feb 13 14:22:45 +0000 2018
Ireenw,5thgold,963418167329677313,Tue Feb 13 14:22:45 +0000 2018
Ireenw,10thmedal,963418167329677313,Tue Feb 13 14:22:45 +0000 2018
Ireenw,proud,963418167329677313,Tue Feb 13 14:22:45 +0000 2018
Ireenw,happy,963418167329677313,Tue Feb 13 14:22:45 +0000 2018
WqOLMaxliuZRh5i,iHeartAwards,963418025889210368,Tue Feb 13 14:22:11 +0000 2018
WqOLMaxliuZRh5i,BestFanArmy,963418025889210368,Tue Feb 13 14:22:11 +0000 2018
WqOLMaxliuZRh5i,BTSARMY,963418025889210368,Tue Feb 13 14:22:11 +0000 2018
ic_jt_,アイカレ,963417690328129542,Tue Feb 13 14:20:51 +0000 2018
Writer_Park,BreathoftheWild,963417026600448000,Tue Feb 13 14:18:13 +0000 2018
Writer_Park,NintendoSwitch,963417026600448000,Tue Feb 13 14:18:13 +0000 2018
2012BTOB_LIGHT,비투비트친소,963416497346392064,Tue Feb 13 14:16:07 +0000 2018
2012BTOB_LIGHT,멜로디트친소,963416497346392064,Tue Feb 13 14:16:07 +0000 2018
qkdnbaek4,iHeartAwards,963416284237987840,Tue Feb 13 14:15:16 +0000 2018
qkdnbaek4,BestFanArmy,963416284237987840,Tue Feb 13 14:15:16 +0000 2018
qkdnbaek4,EXOL,963416284237987840,Tue Feb 13 14:15:16 +0000 2018
AGMSports,TeamUSA,963416232224526343,Tue Feb 13 14:15:03 +0000 2018
AGMSports,OAR,963416232224526343,Tue Feb 13 14:15:03 +0000 2018
AGMSports,Hockey,963416232224526343,Tue Feb 13 14:15:03 +0000 2018
AGMSports,BestOfUS,963416232224526343,Tue Feb 13 14:15:03 +0000 2018
sjinkieknegt,trots,963416193511120898,Tue Feb 13 14:14:54 +0000 2018
sjinkieknegt,teamnl,963416193511120898,Tue Feb 13 14:14:54 +0000 2018
sjinkieknegt,500beest,963416193511120898,Tue Feb 13 14:14:54 +0000 2018
sjinkieknegt,silver,963416193511120898,Tue Feb 13 14:14:54 +0000 2018
PIB8gcL7vKEhuZM,iHeartAwards,963415518081200128,Tue Feb 13 14:12:13 +0000 2018
PIB8gcL7vKEhuZM,BestFanArmy,963415518081200128,Tue Feb 13 14:12:13 +0000 2018
PIB8gcL7vKEhuZM,BTSARMY,963415518081200128,Tue Feb 13 14:12:13 +0000 2018
10yeyoung9,iHeartAwards,963415322093998080,Tue Feb 13 14:11:26 +0000 2018
10yeyoung9,BestFanArmy,963415322093998080,Tue Feb 13 14:11:26 +0000 2018
10yeyoung9,EXOL,963415322093998080,Tue Feb 13 14:11:26 +0000 2018
SILVER_EX9,iHeartAwards,963415223259443200,Tue Feb 13 14:11:03 +0000 2018
SILVER_EX9,BestFanArmy,963415223259443200,Tue Feb 13 14:11:03 +0000 2018
SILVER_EX9,EXOL,963415223259443200,Tue Feb 13 14:11:03 +0000 2018
WFLAAnnie,TeamUSA,963415090287452162,Tue Feb 13 14:10:31 +0000 2018
exoChanBaek0263,iHeartAwards,963415084562132994,Tue Feb 13 14:10:30 +0000 2018
exoChanBaek0263,BestFanArmy,963415084562132994,Tue Feb 13 14:10:30 +0000 2018
exoChanBaek0263,EXOL,963415084562132994,Tue Feb 13 14:10:30 +0000 2018
mG5DJEFNk7r1qKn,iHeartAwards,963415001955409921,Tue Feb 13 14:10:10 +0000 2018
mG5DJEFNk7r1qKn,BestFanArmy,963415001955409921,Tue Feb 13 14:10:10 +0000 2018
mG5DJEFNk7r1qKn,BTSARMY,963415001955409921,Tue Feb 13 14:10:10 +0000 2018
Army49333395,iHeartAwards,963414687697141760,Tue Feb 13 14:08:55 +0000 2018
Army49333395,BestFanArmy,963414687697141760,Tue Feb 13 14:08:55 +0000 2018
Army49333395,BTSARMY,963414687697141760,Tue Feb 13 14:08:55 +0000 2018
longleysunsport,Bluejays,963414607804039168,Tue Feb 13 14:08:36 +0000 2018
Army49333395,iHeartAwards,963414440770064384,Tue Feb 13 14:07:56 +0000 2018
Army49333395,BestFanArmy,963414440770064384,Tue Feb 13 14:07:56 +0000 2018
Army49333395,BTSARMY,963414440770064384,Tue Feb 13 14:07:56 +0000 2018
GARSIDEK,EliseChristie,963414136469114881,Tue Feb 13 14:06:44 +0000 2018
GARSIDEK,WinterOlympics2018,963414136469114881,Tue Feb 13 14:06:44 +0000 2018
KSLAndrew,KSLAM,963413758826737664,Tue Feb 13 14:05:14 +0000 2018
ChrisKat,PyeongChang2018,963413046457610240,Tue Feb 13 14:02:24 +0000 2018
ChrisKat,OLYMPICS,963413046457610240,Tue Feb 13 14:02:24 +0000 2018
ChrisKat,essentialphone,963413046457610240,Tue Feb 13 14:02:24 +0000 2018
samgododge,usa,963413024034906117,Tue Feb 13 14:02:18 +0000 2018
samgododge,USAvsOAR,963413024034906117,Tue Feb 13 14:02:18 +0000 2018
difloriogiuse,Pyeongchang2018,963412974848405505,Tue Feb 13 14:02:07 +0000 2018
difloriogiuse,Olympics,963412974848405505,Tue Feb 13 14:02:07 +0000 2018
difloriogiuse,WinterOlympics,963412974848405505,Tue Feb 13 14:02:07 +0000 2018
difloriogiuse,Korea,963412974848405505,Tue Feb 13 14:02:07 +0000 2018
difloriogiuse,sport,963412974848405505,Tue Feb 13 14:02:07 +0000 2018
difloriogiuse,fun,963412974848405505,Tue Feb 13 14:02:07 +0000 2018
Freizh_,bot,963412780794626048,Tue Feb 13 14:01:20 +0000 2018
drhong21,토지강제수용철폐,963412536409255936,Tue Feb 13 14:00:22 +0000 2018
Steve_Dao,CanadaHouse,963411930923794432,Tue Feb 13 13:57:58 +0000 2018
newsjean,Hangry,963411670948241414,Tue Feb 13 13:56:56 +0000 2018
newsjean,Olympics,963411670948241414,Tue Feb 13 13:56:56 +0000 2018
newsjean,churros,963411670948241414,Tue Feb 13 13:56:56 +0000 2018
FasterSkier,olympics,963410618438029313,Tue Feb 13 13:52:45 +0000 2018
FasterSkier,pyeongchang2018,963410618438029313,Tue Feb 13 13:52:45 +0000 2018
5970e31d2e28457,트레크루,963410149665734656,Tue Feb 13 13:50:53 +0000 2018
5970e31d2e28457,트레크루,963410088810577921,Tue Feb 13 13:50:39 +0000 2018
bjisjj,재택알바,963410047630852096,Tue Feb 13 13:50:29 +0000 2018
bjisjj,투잡알바,963410047630852096,Tue Feb 13 13:50:29 +0000 2018
bjisjj,단기알바,963410047630852096,Tue Feb 13 13:50:29 +0000 2018
bjisjj,주부알바,963410047630852096,Tue Feb 13 13:50:29 +0000 2018
bjisjj,직장인투잡,963410047630852096,Tue Feb 13 13:50:29 +0000 2018
bjisjj,투잡,963410047630852096,Tue Feb 13 13:50:29 +0000 2018
bjisjj,부업재택,963410047630852096,Tue Feb 13 13:50:29 +0000 2018
bjisjj,고액알바,963410047630852096,Tue Feb 13 13:50:29 +0000 2018
bjisjj,고액아르바이트,963410047630852096,Tue Feb 13 13:50:29 +0000 2018
bjisjj,고액재택알바,963410047630852096,Tue Feb 13 13:50:29 +0000 2018
bjisjj,고액일당,963410047630852096,Tue Feb 13 13:50:29 +0000 2018
bjisjj,고수익알바,963410047630852096,Tue Feb 13 13:50:29 +0000 2018
bjisjj,고수익단기알바,963410047630852096,Tue Feb 13 13:50:29 +0000 2018
bjisjj,단기알바,963410047630852096,Tue Feb 13 13:50:29 +0000 2018
bjisjj,단기알바종류,963410047630852096,Tue Feb 13 13:50:29 +0000 2018
bjisjj,재택알바종류,963410047630852096,Tue Feb 13 13:50:29 +0000 2018
bjisjj,재택알바,963410009643085825,Tue Feb 13 13:50:20 +0000 2018
bjisjj,투잡알바,963410009643085825,Tue Feb 13 13:50:20 +0000 2018
bjisjj,단기알바,963410009643085825,Tue Feb 13 13:50:20 +0000 2018
bjisjj,주부알바,963410009643085825,Tue Feb 13 13:50:20 +0000 2018
bjisjj,직장인투잡,963410009643085825,Tue Feb 13 13:50:20 +0000 2018
bjisjj,투잡,963410009643085825,Tue Feb 13 13:50:20 +0000 2018
bjisjj,부업재택,963410009643085825,Tue Feb 13 13:50:20 +0000 2018
bjisjj,고액알바,963410009643085825,Tue Feb 13 13:50:20 +0000 2018
bjisjj,고액아르바이트,963410009643085825,Tue Feb 13 13:50:20 +0000 2018
bjisjj,고액재택알바,963410009643085825,Tue Feb 13 13:50:20 +0000 2018
bjisjj,고액일당,963410009643085825,Tue Feb 13 13:50:20 +0000 2018
bjisjj,고수익알바,963410009643085825,Tue Feb 13 13:50:20 +0000 2018
bjisjj,고수익단기알바,963410009643085825,Tue Feb 13 13:50:20 +0000 2018
bjisjj,단기알바,963410009643085825,Tue Feb 13 13:50:20 +0000 2018
bjisjj,단기알바종류,963410009643085825,Tue Feb 13 13:50:20 +0000 2018
bjisjj,재택알바종류,963410009643085825,Tue Feb 13 13:50:20 +0000 2018
elinarisku,Pyeongchang2018,963409514224533504,Tue Feb 13 13:48:22 +0000 2018
elinarisku,Olympics,963409514224533504,Tue Feb 13 13:48:22 +0000 2018
elinarisku,Olympicteamfinland,963409514224533504,Tue Feb 13 13:48:22 +0000 2018
PPoinlane,Pyeongchang2018,963409343201726464,Tue Feb 13 13:47:41 +0000 2018
reporterklein,Geisenberger,963409146027524097,Tue Feb 13 13:46:54 +0000 2018
reporterklein,HomeOfTheOlympics,963409146027524097,Tue Feb 13 13:46:54 +0000 2018
RobertZepeda,ShanteYouStay,963408832444747778,Tue Feb 13 13:45:39 +0000 2018
hightaec,globaltaec2k19,963408583231660032,Tue Feb 13 13:44:40 +0000 2018
thetopstoryWYFF,pyeongchang2018,963408456290938880,Tue Feb 13 13:44:09 +0000 2018
thetopstoryWYFF,winterolympics,963408456290938880,Tue Feb 13 13:44:09 +0000 2018
thetopstoryWYFF,winterishere,963408456290938880,Tue Feb 13 13:44:09 +0000 2018
thetopstoryWYFF,TeamUSA,963408456290938880,Tue Feb 13 13:44:09 +0000 2018
thetopstoryWYFF,TeamHearst,963408456290938880,Tue Feb 13 13:44:09 +0000 2018
thetopstoryWYFF,pyeongchang2018,963408107186434050,Tue Feb 13 13:42:46 +0000 2018
thetopstoryWYFF,winterolympics,963408107186434050,Tue Feb 13 13:42:46 +0000 2018
thetopstoryWYFF,winterishere,963408107186434050,Tue Feb 13 13:42:46 +0000 2018
thetopstoryWYFF,TeamUSA,963408107186434050,Tue Feb 13 13:42:46 +0000 2018
HausborgDR,FrækkeFyr,963407726796656640,Tue Feb 13 13:41:15 +0000 2018
garvinthomas,PyeongChang,963407359799263232,Tue Feb 13 13:39:48 +0000 2018
nulimen1,토지강제수용철폐,963406537967394818,Tue Feb 13 13:36:32 +0000 2018
pgG4dPhrfiFXkfR,토지강제수용철폐,963406523383742465,Tue Feb 13 13:36:29 +0000 2018
Ekwall,pyeongchangwinterolympics2018,963406397038833664,Tue Feb 13 13:35:58 +0000 2018
dornan10,greatcanadians,963406271557726208,Tue Feb 13 13:35:29 +0000 2018
HausborgDR,NorskForEnAften,963406042536144896,Tue Feb 13 13:34:34 +0000 2018
Trekronorse,Damkronornas,963405845945114627,Tue Feb 13 13:33:47 +0000 2018
jpballeux,PyeongChang2018,963405819902492674,Tue Feb 13 13:33:41 +0000 2018
jpballeux,RColympiques,963405819902492674,Tue Feb 13 13:33:41 +0000 2018
skcd1234,트레크루,963405720954662912,Tue Feb 13 13:33:17 +0000 2018
YnOxsEdFZBfTLYs,인테리어철거업체,963405628956753920,Tue Feb 13 13:32:55 +0000 2018
YnOxsEdFZBfTLYs,인테리어철거,963405628956753920,Tue Feb 13 13:32:55 +0000 2018
YnOxsEdFZBfTLYs,인,963405628956753920,Tue Feb 13 13:32:55 +0000 2018
Steve_Dao,CBC,963405501370257409,Tue Feb 13 13:32:25 +0000 2018
Steve_Dao,MosBros,963405501370257409,Tue Feb 13 13:32:25 +0000 2018
khsad67,토지강제수용철폐,963405252669063168,Tue Feb 13 13:31:26 +0000 2018
khsad67,토지강제수용철폐,963405235401080832,Tue Feb 13 13:31:21 +0000 2018
wolfson32,pyeongchang2018,963404961819262976,Tue Feb 13 13:30:16 +0000 2018
wolfson32,olympics,963404961819262976,Tue Feb 13 13:30:16 +0000 2018
wolfson32,gettyatthegames,963404961819262976,Tue Feb 13 13:30:16 +0000 2018
wolfson32,gettysport,963404961819262976,Tue Feb 13 13:30:16 +0000 2018
wolfson32,gettyimages,963404961819262976,Tue Feb 13 13:30:16 +0000 2018
wolfson32,manhwa,963404961819262976,Tue Feb 13 13:30:16 +0000 2018
wolfson32,korea,963404961819262976,Tue Feb 13 13:30:16 +0000 2018
reedNews3LV,BestofUS,963404157334913024,Tue Feb 13 13:27:04 +0000 2018
alexptachick,PyeongChang2018,963402757997670400,Tue Feb 13 13:21:31 +0000 2018
Equipe_Canada,ÉquipeCanada,963402562186571776,Tue Feb 13 13:20:44 +0000 2018
NKS_SUB,토지강제수용철폐,963402474076872706,Tue Feb 13 13:20:23 +0000 2018
ppptec,토지강제수용철폐,963402467814723590,Tue Feb 13 13:20:22 +0000 2018
ppptec,토지강제수용철폐,963402173563379712,Tue Feb 13 13:19:11 +0000 2018
blue_flow03,비투비트친소,963402085113872385,Tue Feb 13 13:18:50 +0000 2018
blue_flow03,멜로디트친소,963402085113872385,Tue Feb 13 13:18:50 +0000 2018
taralipinski,thebest,963401950426517505,Tue Feb 13 13:18:18 +0000 2018
curling_coach,curling,963401831652012032,Tue Feb 13 13:17:50 +0000 2018
skcd1234,트레크루,963401597547044870,Tue Feb 13 13:16:54 +0000 2018
skcd1234,트레크루,963401533441196034,Tue Feb 13 13:16:39 +0000 2018
DLSpencer10,PyeongChang2018,963401458581258240,Tue Feb 13 13:16:21 +0000 2018
skcd1234,트레크루,963401441103699968,Tue Feb 13 13:16:17 +0000 2018
PURPLEHEART_93,전소미,963401307984879616,Tue Feb 13 13:15:45 +0000 2018
PURPLEHEART_93,소미,963401307984879616,Tue Feb 13 13:15:45 +0000 2018
PURPLEHEART_93,somi,963401307984879616,Tue Feb 13 13:15:45 +0000 2018
skcd1234,트레크루,963401297092161536,Tue Feb 13 13:15:43 +0000 2018
PURPLEHEART_93,소미,963401277047586816,Tue Feb 13 13:15:38 +0000 2018
PURPLEHEART_93,somi,963401277047586816,Tue Feb 13 13:15:38 +0000 2018
PURPLEHEART_93,소미,963401158017433600,Tue Feb 13 13:15:09 +0000 2018
PURPLEHEART_93,somi,963401158017433600,Tue Feb 13 13:15:09 +0000 2018
MichaelJJosephs,olympics,963400495334215681,Tue Feb 13 13:12:31 +0000 2018
KathrynTappen,TodayInOneWord,963399733677993984,Tue Feb 13 13:09:30 +0000 2018
jintobegi,강릉,963399178092253184,Tue Feb 13 13:07:17 +0000 2018
jintobegi,장사익,963399178092253184,Tue Feb 13 13:07:17 +0000 2018
jintobegi,강릉아트센터,963399178092253184,Tue Feb 13 13:07:17 +0000 2018
heiman225,imlovinit,963399086627082240,Tue Feb 13 13:06:55 +0000 2018
heiman225,mcdonalds,963399086627082240,Tue Feb 13 13:06:55 +0000 2018
heiman225,gettyatthegames,963399086627082240,Tue Feb 13 13:06:55 +0000 2018
heiman225,flametoflame,963399086627082240,Tue Feb 13 13:06:55 +0000 2018
heiman225,mcdonalds,963399086627082240,Tue Feb 13 13:06:55 +0000 2018
heiman225,mygettyoffice,963399086627082240,Tue Feb 13 13:06:55 +0000 2018
CameramanST,pyeongchang2018,963398929260822529,Tue Feb 13 13:06:18 +0000 2018
yenahamegan,BestBoyBand,963398854887419904,Tue Feb 13 13:06:00 +0000 2018
yenahamegan,BTS,963398854887419904,Tue Feb 13 13:06:00 +0000 2018
yenahamegan,iHeartAwards,963398854887419904,Tue Feb 13 13:06:00 +0000 2018
yeonu3737,iHeartAwards,963398440691499008,Tue Feb 13 13:04:21 +0000 2018
yeonu3737,BestFanArmy,963398440691499008,Tue Feb 13 13:04:21 +0000 2018
yeonu3737,EXOL,963398440691499008,Tue Feb 13 13:04:21 +0000 2018
KSLAndrew,PyeongChang2018,963398078760931328,Tue Feb 13 13:02:55 +0000 2018
KSLAndrew,KSLAM,963398078760931328,Tue Feb 13 13:02:55 +0000 2018
MichaelJJosephs,PyeongChang2018,963397909650726913,Tue Feb 13 13:02:15 +0000 2018
zziruzziru,스피드스케이팅,963397799416090624,Tue Feb 13 13:01:49 +0000 2018
zziruzziru,남자,963397799416090624,Tue Feb 13 13:01:49 +0000 2018
zziruzziru,1500m,963397799416090624,Tue Feb 13 13:01:49 +0000 2018
zziruzziru,김민석선수,963397799416090624,Tue Feb 13 13:01:49 +0000 2018
zziruzziru,대한민국최초,963397799416090624,Tue Feb 13 13:01:49 +0000 2018
sinhs2617,아미트친소,963397045003288577,Tue Feb 13 12:58:49 +0000 2018
sinhs2617,트친소,963397045003288577,Tue Feb 13 12:58:49 +0000 2018
sinhs2617,트친소를_했는데_트친이_생겼으면_좋겠네,963397045003288577,Tue Feb 13 12:58:49 +0000 2018
sinhs2617,트친소_RT만_하면_잡으러_갑니당,963397045003288577,Tue Feb 13 12:58:49 +0000 2018
sinhs2617,iHeartAwards,963397045003288577,Tue Feb 13 12:58:49 +0000 2018
sinhs2617,BTSARMY,963397045003288577,Tue Feb 13 12:58:49 +0000 2018
Sehun94tenten,ElyXioninBKK,963396739498614785,Tue Feb 13 12:57:36 +0000 2018
GiulioGasparin,PyeongChang2018,963396193672863745,Tue Feb 13 12:55:26 +0000 2018
DLSpencer10,PyeongChang2018,963395784145125376,Tue Feb 13 12:53:48 +0000 2018
speed_skater,PyeongChang2018,963395453453611010,Tue Feb 13 12:52:29 +0000 2018
robbertderijk,schaatsen,963395203334799360,Tue Feb 13 12:51:30 +0000 2018
robbertderijk,OS2018,963395203334799360,Tue Feb 13 12:51:30 +0000 2018
fergyrg,Klaebo,963394241794682880,Tue Feb 13 12:47:40 +0000 2018
fergyrg,NOR,963394241794682880,Tue Feb 13 12:47:40 +0000 2018
fergyrg,WOW,963394241794682880,Tue Feb 13 12:47:40 +0000 2018
willripleyCNN,breaking,963394162585300992,Tue Feb 13 12:47:22 +0000 2018
DonnieDoesWorld,crabrangoon,963394027700633602,Tue Feb 13 12:46:49 +0000 2018
TalarKala,PyeongChang2018,963393700767268865,Tue Feb 13 12:45:31 +0000 2018
TeamSlovenia,Nalegende,963393013849382913,Tue Feb 13 12:42:48 +0000 2018
TeamSlovenia,OlimpijskiPonos,963393013849382913,Tue Feb 13 12:42:48 +0000 2018
garvinthomas,WinterGames,963392956681011205,Tue Feb 13 12:42:34 +0000 2018
NiklasEdin,norsktstål,963392774757220352,Tue Feb 13 12:41:51 +0000 2018
garvinthomas,WinterGames,963392571694309376,Tue Feb 13 12:41:02 +0000 2018
GioCope,CasaItalia,963392004347584513,Tue Feb 13 12:38:47 +0000 2018
GioCope,PeyongChang2018,963392004347584513,Tue Feb 13 12:38:47 +0000 2018
Marc_Oliveras,pyeongchang2018,963391871396564992,Tue Feb 13 12:38:15 +0000 2018
katiecouric,winterolympics,963391672620081152,Tue Feb 13 12:37:28 +0000 2018
PimSedee,TeamNL,963391341613871105,Tue Feb 13 12:36:09 +0000 2018
eveliendebruijn,OS2018,963391202232946688,Tue Feb 13 12:35:36 +0000 2018
BrigitteMarcoux,rces,963391166539444224,Tue Feb 13 12:35:27 +0000 2018
philippevw,teambelgium,963390885416218625,Tue Feb 13 12:34:20 +0000 2018
catgau,Gangneung,963390020747804673,Tue Feb 13 12:30:54 +0000 2018
And_theBTS,iHeartAwards,963389992142716928,Tue Feb 13 12:30:47 +0000 2018
And_theBTS,BTSARMY,963389992142716928,Tue Feb 13 12:30:47 +0000 2018
And_theBTS,BestFanArmy,963389992142716928,Tue Feb 13 12:30:47 +0000 2018
Darth_Mahle,pyeongchang2018,963389952544292865,Tue Feb 13 12:30:38 +0000 2018
BenLisson,pyeongchang2018,963389447541702656,Tue Feb 13 12:28:37 +0000 2018
BenLisson,Olympics2018,963389447541702656,Tue Feb 13 12:28:37 +0000 2018
dugpwjd01,뉴이스트W,963389251927793664,Tue Feb 13 12:27:51 +0000 2018
nenshi,PyeongChang,963389153453854720,Tue Feb 13 12:27:27 +0000 2018
AGMSports,TeamUSA,963389125092106240,Tue Feb 13 12:27:20 +0000 2018
jeongvely1004,뉴이스트W,963388747814350848,Tue Feb 13 12:25:51 +0000 2018
jeongvely1004,뉴이스트w콘서트,963388747814350848,Tue Feb 13 12:25:51 +0000 2018
YnOxsEdFZBfTLYs,여주지역철거업체,963388448739491840,Tue Feb 13 12:24:39 +0000 2018
YnOxsEdFZBfTLYs,여주철거업체,963388448739491840,Tue Feb 13 12:24:39 +0000 2018
YnOxsEdFZBfTLYs,여주철거,963388448739491840,Tue Feb 13 12:24:39 +0000 2018
YnOxsEdFZBfTLYs,이천철거업체,963388448739491840,Tue Feb 13 12:24:39 +0000 2018
fergyrg,sprint,963388364031385600,Tue Feb 13 12:24:19 +0000 2018
fergyrg,good,963388364031385600,Tue Feb 13 12:24:19 +0000 2018
eunyangnbc,pyeongchang2018,963388105171415040,Tue Feb 13 12:23:17 +0000 2018
MatthewLumby,Olympics,963387915823759361,Tue Feb 13 12:22:32 +0000 2018
MatthewLumby,Lumbylympics,963387915823759361,Tue Feb 13 12:22:32 +0000 2018
SportcomQuebec,bronze,963387712911720449,Tue Feb 13 12:21:44 +0000 2018
SportcomQuebec,Pyeongchang2018,963387712911720449,Tue Feb 13 12:21:44 +0000 2018
eveliendebruijn,OS2018,963387242516393985,Tue Feb 13 12:19:52 +0000 2018
debiedwarditv,pyeongchangOlympics2018,963387187130716160,Tue Feb 13 12:19:38 +0000 2018
worldcurling,curling,963387164582060033,Tue Feb 13 12:19:33 +0000 2018
worldcurling,pyeongchang2018,963387164582060033,Tue Feb 13 12:19:33 +0000 2018
worldcurling,olympics,963387164582060033,Tue Feb 13 12:19:33 +0000 2018
prlawless1,BeOlympic,963387123494604800,Tue Feb 13 12:19:23 +0000 2018
Equipe_Canada,curling,963387081203396609,Tue Feb 13 12:19:13 +0000 2018
ReidFiest,Olympics,963387029621915648,Tue Feb 13 12:19:01 +0000 2018
ReidFiest,pyeongchang2018,963387029621915648,Tue Feb 13 12:19:01 +0000 2018
edwin_peek,Kerkhof,963387015948627968,Tue Feb 13 12:18:58 +0000 2018
edwin_peek,shorttrack,963387015948627968,Tue Feb 13 12:18:58 +0000 2018
edwin_peek,PyeongChang2018,963387015948627968,Tue Feb 13 12:18:58 +0000 2018
edwin_peek,teamNL,963387015948627968,Tue Feb 13 12:18:58 +0000 2018
phyliciageorge,Pyeonchang2018,963386810767323136,Tue Feb 13 12:18:09 +0000 2018
AaronNolanNews,Gold,963386707482591232,Tue Feb 13 12:17:44 +0000 2018
JClipperton_CP,pyeongchang2018,963386633914470400,Tue Feb 13 12:17:27 +0000 2018
KSLAndrew,PyeongChang2018,963386244691619841,Tue Feb 13 12:15:54 +0000 2018
philippevw,teambelgium,963386128748363776,Tue Feb 13 12:15:26 +0000 2018
debiedwarditv,TeamGB,963386063485067264,Tue Feb 13 12:15:11 +0000 2018
ykiho0612,자트,963385833771319296,Tue Feb 13 12:14:16 +0000 2018
usskiteam,olympics,963385492464177152,Tue Feb 13 12:12:54 +0000 2018
catgau,Morrison,963385292408279041,Tue Feb 13 12:12:07 +0000 2018
vivionr,JO,963384179726671873,Tue Feb 13 12:07:41 +0000 2018
vivionr,pyeongchang2018,963384179726671873,Tue Feb 13 12:07:41 +0000 2018
Dos_0731,2017년_자신이_선택할_올해의_4장,963383870799294464,Tue Feb 13 12:06:28 +0000 2018
giempi68,RSIOlimpiadi,963383384452943874,Tue Feb 13 12:04:32 +0000 2018
giempi68,RSISport,963383384452943874,Tue Feb 13 12:04:32 +0000 2018
dudnjs0105,알티당_공개,963382930700566528,Tue Feb 13 12:02:44 +0000 2018
usskiteam,olympics,963382694343331840,Tue Feb 13 12:01:47 +0000 2018
fergyrg,woohooo,963382304696446976,Tue Feb 13 12:00:14 +0000 2018
fergyrg,putting,963381005594722304,Tue Feb 13 11:55:05 +0000 2018
Rlagmlwns5,트레크루,963380434129231873,Tue Feb 13 11:52:48 +0000 2018
PaulGerke,Pyeongchang2018,963380410544635904,Tue Feb 13 11:52:43 +0000 2018
vivionr,JO,963379699589238784,Tue Feb 13 11:49:53 +0000 2018
vivionr,pyeongchang2018,963379699589238784,Tue Feb 13 11:49:53 +0000 2018
worldcurling,curling,963379456692793344,Tue Feb 13 11:48:55 +0000 2018
worldcurling,olympics,963379456692793344,Tue Feb 13 11:48:55 +0000 2018
HeatherCoxNBC,AlpineSkiing,963379286907396097,Tue Feb 13 11:48:15 +0000 2018
THELAMA1024,휴대용_선풍기,963379285842018304,Tue Feb 13 11:48:15 +0000 2018
THELAMA1024,최애,963379285842018304,Tue Feb 13 11:48:15 +0000 2018
THELAMA1024,활,963379285842018304,Tue Feb 13 11:48:15 +0000 2018
THELAMA1024,더보이즈,963379285842018304,Tue Feb 13 11:48:15 +0000 2018
THELAMA1024,심심해,963379285842018304,Tue Feb 13 11:48:15 +0000 2018
gomfarm,평창동계올림픽,963378764897050625,Tue Feb 13 11:46:10 +0000 2018
gomfarm,올림픽파크,963378764897050625,Tue Feb 13 11:46:10 +0000 2018
gomfarm,퍼레이드,963378764897050625,Tue Feb 13 11:46:10 +0000 2018
HockeyMaven1917,pyeongchang2018,963378289573355521,Tue Feb 13 11:44:17 +0000 2018
ohmyjunsu,shorttrack,963378012426141697,Tue Feb 13 11:43:11 +0000 2018
ohmyjunsu,teamcanada,963378012426141697,Tue Feb 13 11:43:11 +0000 2018
heiman225,notthempc,963377862802903045,Tue Feb 13 11:42:35 +0000 2018
heiman225,mygettyoffice,963377862802903045,Tue Feb 13 11:42:35 +0000 2018
heiman225,pyeongchang2018,963377862802903045,Tue Feb 13 11:42:35 +0000 2018
heiman225,gettyatthegames,963377862802903045,Tue Feb 13 11:42:35 +0000 2018
heiman225,puppy,963377862802903045,Tue Feb 13 11:42:35 +0000 2018
heiman225,kitten,963377862802903045,Tue Feb 13 11:42:35 +0000 2018
heiman225,sunset,963377862802903045,Tue Feb 13 11:42:35 +0000 2018
heiman225,bikini,963377862802903045,Tue Feb 13 11:42:35 +0000 2018
nicopietran,pyeonchang2018,963377669587877888,Tue Feb 13 11:41:49 +0000 2018
nicopietran,curlingfinal,963377669587877888,Tue Feb 13 11:41:49 +0000 2018
BrigitteMarcoux,rces,963377126194872320,Tue Feb 13 11:39:40 +0000 2018
reedNews3LV,USMilitary,963377107102449664,Tue Feb 13 11:39:35 +0000 2018
reedNews3LV,BestofUS,963377107102449664,Tue Feb 13 11:39:35 +0000 2018
reedNews3LV,OLYMPICS,963377107102449664,Tue Feb 13 11:39:35 +0000 2018
ic_jt_,pyeongchang2018,963376871101562880,Tue Feb 13 11:38:39 +0000 2018
reedNews3LV,USMilitary,963376719615868929,Tue Feb 13 11:38:03 +0000 2018
reedNews3LV,BestofUS,963376719615868929,Tue Feb 13 11:38:03 +0000 2018
reedNews3LV,OLYMPICS,963376719615868929,Tue Feb 13 11:38:03 +0000 2018
GioCope,PeyongChang2018,963376672891457536,Tue Feb 13 11:37:52 +0000 2018
reedNews3LV,USMilitary,963376452463771649,Tue Feb 13 11:36:59 +0000 2018
reedNews3LV,BestofUS,963376452463771649,Tue Feb 13 11:36:59 +0000 2018
reedNews3LV,OLYMPICS,963376452463771649,Tue Feb 13 11:36:59 +0000 2018
edwin_peek,Kerkhof,963376308314169344,Tue Feb 13 11:36:25 +0000 2018
edwin_peek,shorttrack,963376308314169344,Tue Feb 13 11:36:25 +0000 2018
edwin_peek,Christie,963376308314169344,Tue Feb 13 11:36:25 +0000 2018
reedNews3LV,USMilitary,963376072191500288,Tue Feb 13 11:35:28 +0000 2018
reedNews3LV,BestofUS,963376072191500288,Tue Feb 13 11:35:28 +0000 2018
reedNews3LV,OLYMPICS,963376072191500288,Tue Feb 13 11:35:28 +0000 2018
reedNews3LV,USMilitary,963375663741681664,Tue Feb 13 11:33:51 +0000 2018
reedNews3LV,BestofUS,963375663741681664,Tue Feb 13 11:33:51 +0000 2018
reedNews3LV,OLYMPICS,963375663741681664,Tue Feb 13 11:33:51 +0000 2018
And_theBTS,iHeartAwards,963375560364732417,Tue Feb 13 11:33:26 +0000 2018
And_theBTS,BTSARMY,963375560364732417,Tue Feb 13 11:33:26 +0000 2018
And_theBTS,BestFanArmy,963375560364732417,Tue Feb 13 11:33:26 +0000 2018
Paris2024,PyeongChang2018,963375261604495362,Tue Feb 13 11:32:15 +0000 2018
ic_jt_,アイカレ,963375207904837632,Tue Feb 13 11:32:02 +0000 2018
reedNews3LV,WinterGames,963374768236904448,Tue Feb 13 11:30:18 +0000 2018
reedNews3LV,Olympics,963374768236904448,Tue Feb 13 11:30:18 +0000 2018
reedNews3LV,BestofUS,963374768236904448,Tue Feb 13 11:30:18 +0000 2018
TonyESTANGUET,PyeongChang,963374149874823168,Tue Feb 13 11:27:50 +0000 2018
TonyESTANGUET,Pinturault,963374149874823168,Tue Feb 13 11:27:50 +0000 2018
TonyESTANGUET,MuffatJeandet,963374149874823168,Tue Feb 13 11:27:50 +0000 2018
hynkyun0309,더보이즈_트친소,963374114021916672,Tue Feb 13 11:27:42 +0000 2018
hynkyun0309,맞팔,963374114021916672,Tue Feb 13 11:27:42 +0000 2018
hynkyun0309,선팔,963374114021916672,Tue Feb 13 11:27:42 +0000 2018
hynkyun0309,환영,963374114021916672,Tue Feb 13 11:27:42 +0000 2018
hynkyun0309,인용알티,963374114021916672,Tue Feb 13 11:27:42 +0000 2018
hynkyun0309,흔적,963374114021916672,Tue Feb 13 11:27:42 +0000 2018
usskiteam,teamusa,963374018622640133,Tue Feb 13 11:27:19 +0000 2018
VikKjell,Pyeongyang2018,963373922447122433,Tue Feb 13 11:26:56 +0000 2018
VikKjell,TeamGB,963373922447122433,Tue Feb 13 11:26:56 +0000 2018
VikKjell,WeAreTheGreat,963373922447122433,Tue Feb 13 11:26:56 +0000 2018
JeromeLymann,swissolympicteam,963373696613322752,Tue Feb 13 11:26:02 +0000 2018
koivukangas,chefenläserdinatweets,963373624034967552,Tue Feb 13 11:25:45 +0000 2018
BrigitteMarcoux,rces,963373452525649920,Tue Feb 13 11:25:04 +0000 2018
BrassardJaime,amnewsers,963373279892332544,Tue Feb 13 11:24:23 +0000 2018
TeamCanada,curling,963373101881765888,Tue Feb 13 11:23:40 +0000 2018
TeamCanada,gold,963373101881765888,Tue Feb 13 11:23:40 +0000 2018
TeamCanada,PyeongChang2018,963373101881765888,Tue Feb 13 11:23:40 +0000 2018
Paris2024,Pocog,963372959610974208,Tue Feb 13 11:23:06 +0000 2018
Paris2024,PyeongChang2018,963372959610974208,Tue Feb 13 11:23:06 +0000 2018
sangho_yi,보쌈,963372957329428480,Tue Feb 13 11:23:06 +0000 2018
sangho_yi,막국수,963372957329428480,Tue Feb 13 11:23:06 +0000 2018
MartinBureau1,afpphoto,963372759475728385,Tue Feb 13 11:22:19 +0000 2018
MartinBureau1,nikon,963372759475728385,Tue Feb 13 11:22:19 +0000 2018
MartinBureau1,nikonD5,963372759475728385,Tue Feb 13 11:22:19 +0000 2018
MartinBureau1,Pyeongchang2018,963372759475728385,Tue Feb 13 11:22:19 +0000 2018
MartinBureau1,olympics,963372759475728385,Tue Feb 13 11:22:19 +0000 2018
MartinBureau1,winterolympics,963372759475728385,Tue Feb 13 11:22:19 +0000 2018
ic_jt_,アイカレ,963372474967601152,Tue Feb 13 11:21:11 +0000 2018
debiedwarditv,TeamGB,963372038168743936,Tue Feb 13 11:19:27 +0000 2018
debiedwarditv,pyeongchangOlympics2018,963372038168743936,Tue Feb 13 11:19:27 +0000 2018
VivianBKim,PyeongChang2018,963370911582756864,Tue Feb 13 11:14:58 +0000 2018
VivianBKim,TeamUSA,963370911582756864,Tue Feb 13 11:14:58 +0000 2018
StJoergensen,pyeongchang2018,963370462699962368,Tue Feb 13 11:13:11 +0000 2018
TeamCanada,speedskating,963369105305694209,Tue Feb 13 11:07:47 +0000 2018
TeamCanada,TeamCanada,963369105305694209,Tue Feb 13 11:07:47 +0000 2018
melihbayramdede,PyeongChang2018,963368984216260608,Tue Feb 13 11:07:19 +0000 2018
melihbayramdede,Olympics,963368984216260608,Tue Feb 13 11:07:19 +0000 2018
Steve_Dao,MosBros,963368873612410880,Tue Feb 13 11:06:52 +0000 2018
Steve_Dao,PyeongChang2018,963368873612410880,Tue Feb 13 11:06:52 +0000 2018
Steve_Dao,Olympics,963368873612410880,Tue Feb 13 11:06:52 +0000 2018
worldcurling,gold,963368576970207232,Tue Feb 13 11:05:41 +0000 2018
Daydrim_ing,데이식스벚꽃스캔들,963368478295015424,Tue Feb 13 11:05:18 +0000 2018
Daydrim_ing,데이식스교환,963368478295015424,Tue Feb 13 11:05:18 +0000 2018
Daydrim_ing,데이식스,963368478295015424,Tue Feb 13 11:05:18 +0000 2018
hihellolemon,데이식스벚꽃스캔들,963367457804009472,Tue Feb 13 11:01:15 +0000 2018
hihellolemon,데이식스교환,963367457804009472,Tue Feb 13 11:01:15 +0000 2018
hihellolemon,데이식스,963367457804009472,Tue Feb 13 11:01:15 +0000 2018
G_Elwood,PyeongChang2018,963366950888976385,Tue Feb 13 10:59:14 +0000 2018
stefanorizzato,mixedzone,963366770991083520,Tue Feb 13 10:58:31 +0000 2018
stefanorizzato,snow,963366770991083520,Tue Feb 13 10:58:31 +0000 2018
stefanorizzato,crosscountry,963366770991083520,Tue Feb 13 10:58:31 +0000 2018
stefanorizzato,PyeongChang2018,963366770991083520,Tue Feb 13 10:58:31 +0000 2018
stefanorizzato,mixedzone,963366685746089985,Tue Feb 13 10:58:11 +0000 2018
stefanorizzato,snow,963366685746089985,Tue Feb 13 10:58:11 +0000 2018
stefanorizzato,crosscountry,963366685746089985,Tue Feb 13 10:58:11 +0000 2018
stefanorizzato,PyeongChang2018,963366685746089985,Tue Feb 13 10:58:11 +0000 2018
day6thekings,데이식스벚꽃스캔들,963366644448772096,Tue Feb 13 10:58:01 +0000 2018
day6thekings,데이식스교환,963366644448772096,Tue Feb 13 10:58:01 +0000 2018
day6thekings,데이식스,963366644448772096,Tue Feb 13 10:58:01 +0000 2018
domi_1991,PyeongChang2018,963366546687971329,Tue Feb 13 10:57:37 +0000 2018
domi_1991,WinterOlympics,963366546687971329,Tue Feb 13 10:57:37 +0000 2018
domi_1991,Korea,963366546687971329,Tue Feb 13 10:57:37 +0000 2018
koivukangas,supermario,963366228889759744,Tue Feb 13 10:56:22 +0000 2018
worldcurling,olympics,963366170018529280,Tue Feb 13 10:56:08 +0000 2018
SlimSona,BlackPanther,963366021515034624,Tue Feb 13 10:55:32 +0000 2018
JanSmit,1500Meter,963365745794125824,Tue Feb 13 10:54:26 +0000 2018
hoIIaback,Pyeongchang2018,963365372001832961,Tue Feb 13 10:52:57 +0000 2018
AaronNolanNews,BraveTheCold,963365282709295104,Tue Feb 13 10:52:36 +0000 2018
Wpilgoood,데이식스벚꽃스캔들,963365163037376512,Tue Feb 13 10:52:07 +0000 2018
Wpilgoood,데이식스교환,963365163037376512,Tue Feb 13 10:52:07 +0000 2018
Wpilgoood,데이식스,963365163037376512,Tue Feb 13 10:52:07 +0000 2018
day6ily_yj__,데이식스벚꽃스캔들,963364989191901184,Tue Feb 13 10:51:26 +0000 2018
day6ily_yj__,데이식스교환,963364989191901184,Tue Feb 13 10:51:26 +0000 2018
day6ily_yj__,데이식스,963364989191901184,Tue Feb 13 10:51:26 +0000 2018
IBU_WC,PyeongChang2018,963364916747935744,Tue Feb 13 10:51:09 +0000 2018
IBU_WC,biathlon,963364916747935744,Tue Feb 13 10:51:09 +0000 2018
Yaalu6,데이식스벚꽃스캔들,963364893020704769,Tue Feb 13 10:51:03 +0000 2018
Yaalu6,데이식스교환,963364893020704769,Tue Feb 13 10:51:03 +0000 2018
Yaalu6,데이식스,963364893020704769,Tue Feb 13 10:51:03 +0000 2018
daysixstree,데이식스벚꽃스캔들,963364731242274816,Tue Feb 13 10:50:25 +0000 2018
daysixstree,데이식스교환,963364731242274816,Tue Feb 13 10:50:25 +0000 2018
daysixstree,데이식스,963364731242274816,Tue Feb 13 10:50:25 +0000 2018
PPKKYBANG,데이식스벚꽃스캔들,963364600799420417,Tue Feb 13 10:49:53 +0000 2018
PPKKYBANG,데이식스교환,963364600799420417,Tue Feb 13 10:49:53 +0000 2018
PPKKYBANG,데이식스,963364600799420417,Tue Feb 13 10:49:53 +0000 2018
feelit_meelit,데이식스벚꽃스캔들,963364537373147136,Tue Feb 13 10:49:38 +0000 2018
feelit_meelit,데이식스교환,963364537373147136,Tue Feb 13 10:49:38 +0000 2018
feelit_meelit,데이식스,963364537373147136,Tue Feb 13 10:49:38 +0000 2018
SUNGJINOPPA,데이식스벚꽃스캔들,963364487364358146,Tue Feb 13 10:49:26 +0000 2018
SUNGJINOPPA,데이식스교환,963364487364358146,Tue Feb 13 10:49:26 +0000 2018
SUNGJINOPPA,데이식스,963364487364358146,Tue Feb 13 10:49:26 +0000 2018
CBCharlsie,upwithCBC,963364164654673920,Tue Feb 13 10:48:09 +0000 2018
StevenLangton,TeamUSA,963363500922843137,Tue Feb 13 10:45:31 +0000 2018
Min_Voice_,마음당_소중한_사람,963362648656982016,Tue Feb 13 10:42:08 +0000 2018
RBCarvalho15,winterolympics,963361594204917760,Tue Feb 13 10:37:57 +0000 2018
RBCarvalho15,pyeongchang2018,963361594204917760,Tue Feb 13 10:37:57 +0000 2018
dlrkdms2420,iHeartAwards,963361531617427456,Tue Feb 13 10:37:42 +0000 2018
dlrkdms2420,BestFanArmy,963361531617427456,Tue Feb 13 10:37:42 +0000 2018
dlrkdms2420,EXOL,963361531617427456,Tue Feb 13 10:37:42 +0000 2018
IBU_WC,FRA,963361178616397824,Tue Feb 13 10:36:18 +0000 2018
IBU_WC,biathlon,963361178616397824,Tue Feb 13 10:36:18 +0000 2018
IBU_WC,Pyeongchang2018,963361178616397824,Tue Feb 13 10:36:18 +0000 2018
FranceOlympique,Patinagedevitesse,963361126032355328,Tue Feb 13 10:36:05 +0000 2018
FranceOlympique,shorttrack,963361126032355328,Tue Feb 13 10:36:05 +0000 2018
85N3eYSFJ3O56mX,울진우와,963360902857736192,Tue Feb 13 10:35:12 +0000 2018
daunegnc,pyeongchang2018,963360475059838976,Tue Feb 13 10:33:30 +0000 2018
daunegnc,olympics2018,963360475059838976,Tue Feb 13 10:33:30 +0000 2018
amawa_hawaii,Repost,963360423797026816,Tue Feb 13 10:33:18 +0000 2018
JClipperton_CP,Olympics,963359542091202560,Tue Feb 13 10:29:47 +0000 2018
yenahamegan,BTS,963358019747590144,Tue Feb 13 10:23:44 +0000 2018
yenahamegan,BloodSweatTears,963358019747590144,Tue Feb 13 10:23:44 +0000 2018
yenahamegan,iHeartAwards,963358019747590144,Tue Feb 13 10:23:44 +0000 2018
yenahamegan,BestBoyBand,963358019747590144,Tue Feb 13 10:23:44 +0000 2018
LeeW_Sport,IOC,963357924742451200,Tue Feb 13 10:23:22 +0000 2018
TeamSlovenia,TeamSlovenia,963357900948176896,Tue Feb 13 10:23:16 +0000 2018
TeamSlovenia,Olimpijskiponos,963357900948176896,Tue Feb 13 10:23:16 +0000 2018
7QQKjSSyOdYnI5x,라키,963357481979150336,Tue Feb 13 10:21:36 +0000 2018
HeatherCoxNBC,AlpineSkiing,963357269638373376,Tue Feb 13 10:20:46 +0000 2018
85N3eYSFJ3O56mX,라키,963357184842022912,Tue Feb 13 10:20:25 +0000 2018
yenahamegan,RIAA,963356656611377152,Tue Feb 13 10:18:19 +0000 2018
yenahamegan,gold,963356656611377152,Tue Feb 13 10:18:19 +0000 2018
yenahamegan,KwandongHockeyCenter,963356656611377152,Tue Feb 13 10:18:19 +0000 2018
yenahamegan,Pyeongchang2018,963356656611377152,Tue Feb 13 10:18:19 +0000 2018
yenahamegan,Olympics,963356656611377152,Tue Feb 13 10:18:19 +0000 2018
yenahamegan,DNAwentGOLD,963356656611377152,Tue Feb 13 10:18:19 +0000 2018
yenahamegan,BTS,963356656611377152,Tue Feb 13 10:18:19 +0000 2018
HockeyMaven1917,TeamUSA,963356366017572864,Tue Feb 13 10:17:10 +0000 2018
Equipe_Canada,ÉquipeCanada,963356091517054977,Tue Feb 13 10:16:05 +0000 2018
21champ,최민정,963355810968502272,Tue Feb 13 10:14:58 +0000 2018
gpljy,강원dongill,963355767100211206,Tue Feb 13 10:14:47 +0000 2018
gpljy,강원도래요,963355767100211206,Tue Feb 13 10:14:47 +0000 2018
gpljy,솔향강릉,963355767100211206,Tue Feb 13 10:14:47 +0000 2018
gpljy,대관령꽁지,963355767100211206,Tue Feb 13 10:14:47 +0000 2018
gpljy,강릉농악전수교육관,963355767100211206,Tue Feb 13 10:14:47 +0000 2018
KHOLMESlive,PyeongChang2018,963355759047143425,Tue Feb 13 10:14:45 +0000 2018
KHOLMESlive,WinterOlympics,963355759047143425,Tue Feb 13 10:14:45 +0000 2018
cas10th,Tokyo2020JHouse,963355711139753984,Tue Feb 13 10:14:34 +0000 2018
BrigitteMarcoux,rces,963355644819468294,Tue Feb 13 10:14:18 +0000 2018
yama37curl,pyeongchang2018,963355642567249920,Tue Feb 13 10:14:18 +0000 2018
yama37curl,curling,963355642567249920,Tue Feb 13 10:14:18 +0000 2018
yama37curl,カーリング,963355642567249920,Tue Feb 13 10:14:18 +0000 2018
yama37curl,とどけ勇気,963355642567249920,Tue Feb 13 10:14:18 +0000 2018
thekobusa,queenofthesnow,963355126974046208,Tue Feb 13 10:12:15 +0000 2018
thekobusa,Repost,963355126974046208,Tue Feb 13 10:12:15 +0000 2018
Steve_Dao,CanadaHouse,963355093222469632,Tue Feb 13 10:12:07 +0000 2018
peterfredman,pyeongchang2018,963354873692655616,Tue Feb 13 10:11:14 +0000 2018
peterfredman,olympics2018,963354873692655616,Tue Feb 13 10:11:14 +0000 2018
peterfredman,koreatunnissa,963354873692655616,Tue Feb 13 10:11:14 +0000 2018
debiedwarditv,PyeongChang2018,963354376172646400,Tue Feb 13 10:09:16 +0000 2018
yenahamegan,RIAA,963354231087362048,Tue Feb 13 10:08:41 +0000 2018
yenahamegan,certifiedgold,963354231087362048,Tue Feb 13 10:08:41 +0000 2018
yenahamegan,KwandongHockeyCenter,963354231087362048,Tue Feb 13 10:08:41 +0000 2018
yenahamegan,Pyeongchang2018,963354231087362048,Tue Feb 13 10:08:41 +0000 2018
yenahamegan,Olympics,963354231087362048,Tue Feb 13 10:08:41 +0000 2018
yenahamegan,BTS,963354231087362048,Tue Feb 13 10:08:41 +0000 2018
RickR415,Curling,963354030469795840,Tue Feb 13 10:07:53 +0000 2018
RickR415,Olympics,963354030469795840,Tue Feb 13 10:07:53 +0000 2018
ukoqkgOgeh6BnM1,알티당_마음당_공개,963353065947410432,Tue Feb 13 10:04:03 +0000 2018
21champ,쇼트트랙,963352428950315008,Tue Feb 13 10:01:31 +0000 2018
21champ,평창올림픽,963352428950315008,Tue Feb 13 10:01:31 +0000 2018
21champ,olympics,963352428950315008,Tue Feb 13 10:01:31 +0000 2018
IIHFHockey,CAN,963351797149483013,Tue Feb 13 09:59:01 +0000 2018
IIHFHockey,PyeongChang2018,963351797149483013,Tue Feb 13 09:59:01 +0000 2018
IIHFHockey,IceHockey,963351797149483013,Tue Feb 13 09:59:01 +0000 2018
IIHFHockey,FIN,963351797149483013,Tue Feb 13 09:59:01 +0000 2018
sd_9412,iHeartAwards,963351568669011973,Tue Feb 13 09:58:06 +0000 2018
sd_9412,BestFanArmy,963351568669011973,Tue Feb 13 09:58:06 +0000 2018
sd_9412,EXOL,963351568669011973,Tue Feb 13 09:58:06 +0000 2018
bh_0506_sh_0412,iHeartAwards,963351552684572672,Tue Feb 13 09:58:03 +0000 2018
bh_0506_sh_0412,BestFanArmy,963351552684572672,Tue Feb 13 09:58:03 +0000 2018
bh_0506_sh_0412,EXOL,963351552684572672,Tue Feb 13 09:58:03 +0000 2018
ellade1,rsisport,963351362602807296,Tue Feb 13 09:57:17 +0000 2018
ellade1,RSIOlimpiadi,963351362602807296,Tue Feb 13 09:57:17 +0000 2018
tessaveldhuis,olympics,963351210156838913,Tue Feb 13 09:56:41 +0000 2018
dlrkdms2420,iHeartAwards,963351155593043968,Tue Feb 13 09:56:28 +0000 2018
dlrkdms2420,BestFanArmy,963351155593043968,Tue Feb 13 09:56:28 +0000 2018
dlrkdms2420,EXOL,963351155593043968,Tue Feb 13 09:56:28 +0000 2018
fergyrg,Top30,963350964496461824,Tue Feb 13 09:55:42 +0000 2018
fergyrg,qualifies,963350964496461824,Tue Feb 13 09:55:42 +0000 2018
fergyrg,SprintClassic,963350964496461824,Tue Feb 13 09:55:42 +0000 2018
JulieFoudy,YOLO,963349355745783808,Tue Feb 13 09:49:19 +0000 2018
polonaBerta,PyeongChang2018,963348373309833216,Tue Feb 13 09:45:25 +0000 2018
polonaBerta,olimpijskiponos,963348373309833216,Tue Feb 13 09:45:25 +0000 2018
dhgudtlr82,나의첫번째트윗,963347616250515456,Tue Feb 13 09:42:24 +0000 2018
mica_lolita,wegotourowngif,963347582092283909,Tue Feb 13 09:42:16 +0000 2018
mica_lolita,gif,963347582092283909,Tue Feb 13 09:42:16 +0000 2018
mica_lolita,foodie,963347582092283909,Tue Feb 13 09:42:16 +0000 2018
mica_lolita,pizza,963347582092283909,Tue Feb 13 09:42:16 +0000 2018
mica_lolita,sidesalad,963347582092283909,Tue Feb 13 09:42:16 +0000 2018
pangpang_1122,비투비트친소,963346840023285761,Tue Feb 13 09:39:19 +0000 2018
pangpang_1122,멜로디트친소,963346840023285761,Tue Feb 13 09:39:19 +0000 2018
HammerPartners,performancedoesntjusthappen,963346224161046528,Tue Feb 13 09:36:52 +0000 2018
HammerPartners,pyeongchang2018,963346224161046528,Tue Feb 13 09:36:52 +0000 2018
HammerPartners,hammerpartners,963346224161046528,Tue Feb 13 09:36:52 +0000 2018
HammerPartners,madeinitaly,963346224161046528,Tue Feb 13 09:36:52 +0000 2018
grbic_vladimir,SnowVolleyball,963346166438965249,Tue Feb 13 09:36:38 +0000 2018
grbic_vladimir,WinterOlympics,963346166438965249,Tue Feb 13 09:36:38 +0000 2018
grbic_vladimir,WinterOlympicGames,963346166438965249,Tue Feb 13 09:36:38 +0000 2018
grbic_vladimir,PyeongChang2018,963346166438965249,Tue Feb 13 09:36:38 +0000 2018
grbic_vladimir,FIVB,963346166438965249,Tue Feb 13 09:36:38 +0000 2018
grbic_vladimir,CEV,963346166438965249,Tue Feb 13 09:36:38 +0000 2018
grbic_vladimir,Volleyball,963346166438965249,Tue Feb 13 09:36:38 +0000 2018
grbic_vladimir,Pallavolo,963346166438965249,Tue Feb 13 09:36:38 +0000 2018
grbic_vladimir,odbojka,963346166438965249,Tue Feb 13 09:36:38 +0000 2018
dfd3209,마음당_나에_대한_이야기,963346118334541825,Tue Feb 13 09:36:27 +0000 2018
IIHFHockey,FIN,963345823911178240,Tue Feb 13 09:35:17 +0000 2018
IIHFHockey,CAN,963345823911178240,Tue Feb 13 09:35:17 +0000 2018
CarlosWTHR,WTHRSunrise,963345748300464128,Tue Feb 13 09:34:59 +0000 2018
suebfhe,iHeartAwards,963345264701407232,Tue Feb 13 09:33:03 +0000 2018
suebfhe,BestFanArmy,963345264701407232,Tue Feb 13 09:33:03 +0000 2018
suebfhe,EXOL,963345264701407232,Tue Feb 13 09:33:03 +0000 2018
chrissymacCNN,canada,963345144119484416,Tue Feb 13 09:32:35 +0000 2018
chrissymacCNN,slopestyle,963345144119484416,Tue Feb 13 09:32:35 +0000 2018
chrissymacCNN,pyeongchang2018,963345144119484416,Tue Feb 13 09:32:35 +0000 2018
fergyrg,AlexHarvey,963345023713464329,Tue Feb 13 09:32:06 +0000 2018
fergyrg,Ouch,963345023713464329,Tue Feb 13 09:32:06 +0000 2018
2012BTOB_LIGHT,이민혁,963344991337684992,Tue Feb 13 09:31:58 +0000 2018
2012BTOB_LIGHT,비투비,963344991337684992,Tue Feb 13 09:31:58 +0000 2018
2012BTOB_LIGHT,월드페스타,963344991337684992,Tue Feb 13 09:31:58 +0000 2018
campsisanna,pyeongchangolympics2018,963344611019239424,Tue Feb 13 09:30:28 +0000 2018
cherylpounder,Repost,963344084411625472,Tue Feb 13 09:28:22 +0000 2018
EllyOldroyd,PyeongChang2018,963343777669591040,Tue Feb 13 09:27:09 +0000 2018
cvmacedog,PyeongChang2018,963341974114914304,Tue Feb 13 09:19:59 +0000 2018
jtoneysbeat,PyeongChang2018,963340976461832192,Tue Feb 13 09:16:01 +0000 2018
GadiNBC,TheBestOfUs,963340314705461248,Tue Feb 13 09:13:23 +0000 2018
vivionr,JO,963339759866216448,Tue Feb 13 09:11:11 +0000 2018
TSNScianitti,TeamCanada,963337768528240640,Tue Feb 13 09:03:16 +0000 2018
TSNScianitti,PyeongChang2018,963337768528240640,Tue Feb 13 09:03:16 +0000 2018
TSNScianitti,Olympics,963337768528240640,Tue Feb 13 09:03:16 +0000 2018
ken_nike0523,韓国,963336604449255430,Tue Feb 13 08:58:39 +0000 2018
ken_nike0523,韓国料理辛すぎ,963336604449255430,Tue Feb 13 08:58:39 +0000 2018
ken_nike0523,次は友達と,963336604449255430,Tue Feb 13 08:58:39 +0000 2018
ken_nike0523,한복,963336604449255430,Tue Feb 13 08:58:39 +0000 2018
leighdiffey,luge,963336034019811328,Tue Feb 13 08:56:23 +0000 2018
leighdiffey,skeleton,963336034019811328,Tue Feb 13 08:56:23 +0000 2018
leighdiffey,bobsled,963336034019811328,Tue Feb 13 08:56:23 +0000 2018
reporterklein,AlpineAlaaf,963335482179510272,Tue Feb 13 08:54:11 +0000 2018
reporterklein,olympics2018,963335482179510272,Tue Feb 13 08:54:11 +0000 2018
reporterklein,rusemondach,963335482179510272,Tue Feb 13 08:54:11 +0000 2018
bhec2497,뚝심,963334894788132864,Tue Feb 13 08:51:51 +0000 2018
bhec2497,강릉시장후보예정자,963334894788132864,Tue Feb 13 08:51:51 +0000 2018
matt77roberts,careergoals,963334405631520768,Tue Feb 13 08:49:54 +0000 2018
matt77roberts,PyeongChang2018,963334405631520768,Tue Feb 13 08:49:54 +0000 2018
matt77roberts,superstoked,963334405631520768,Tue Feb 13 08:49:54 +0000 2018
fuiqpiH43T6Rryf,알티수만큼_최애캐에게_반창고와_붕대를_붙인다,963334362858110976,Tue Feb 13 08:49:44 +0000 2018
TSNScianitti,TeamCanada,963333414412783617,Tue Feb 13 08:45:58 +0000 2018
TSNScianitti,PyeongChang2018,963333414412783617,Tue Feb 13 08:45:58 +0000 2018
TSNScianitti,Olympics,963333414412783617,Tue Feb 13 08:45:58 +0000 2018
PIB8gcL7vKEhuZM,iHeartAwards,963332802077798400,Tue Feb 13 08:43:32 +0000 2018
PIB8gcL7vKEhuZM,BestFanArmy,963332802077798400,Tue Feb 13 08:43:32 +0000 2018
PIB8gcL7vKEhuZM,BTSARMY,963332802077798400,Tue Feb 13 08:43:32 +0000 2018
GadiNBC,StayTuned,963332689041371136,Tue Feb 13 08:43:05 +0000 2018
minseo03712,비투비트친소,963332370878222336,Tue Feb 13 08:41:49 +0000 2018
minseo03712,멜로디트친소,963332370878222336,Tue Feb 13 08:41:49 +0000 2018
Calivieros,TeamUSA,963332315748425728,Tue Feb 13 08:41:36 +0000 2018
2012BTOB_LIGHT,비투비트친소,963331934221885440,Tue Feb 13 08:40:05 +0000 2018
2012BTOB_LIGHT,멜로디트친소,963331934221885440,Tue Feb 13 08:40:05 +0000 2018
NPRmelissablock,pyeongchang2018,963331352526336001,Tue Feb 13 08:37:46 +0000 2018
NPRmelissablock,Olympics,963331352526336001,Tue Feb 13 08:37:46 +0000 2018
NPRmelissablock,Korea,963331352526336001,Tue Feb 13 08:37:46 +0000 2018
CherylPreheim,Olympic,963331117213368320,Tue Feb 13 08:36:50 +0000 2018
CherylPreheim,OlympicsOn11,963331117213368320,Tue Feb 13 08:36:50 +0000 2018
arihonkane,Naisleijonat,963329844971945986,Tue Feb 13 08:31:47 +0000 2018
arihonkane,PeyongChang2018,963329844971945986,Tue Feb 13 08:31:47 +0000 2018
arihonkane,IceHockey,963329844971945986,Tue Feb 13 08:31:47 +0000 2018
arihonkane,canada,963329844971945986,Tue Feb 13 08:31:47 +0000 2018
arihonkane,finland,963329844971945986,Tue Feb 13 08:31:47 +0000 2018
hari0729,평창동계올림픽,963328949613871104,Tue Feb 13 08:28:14 +0000 2018
hari0729,쇼트트랙,963328949613871104,Tue Feb 13 08:28:14 +0000 2018
hari0729,최민정,963328949613871104,Tue Feb 13 08:28:14 +0000 2018
hari0729,임효준,963328949613871104,Tue Feb 13 08:28:14 +0000 2018
hari0729,황대헌,963328949613871104,Tue Feb 13 08:28:14 +0000 2018
hari0729,서이라,963328949613871104,Tue Feb 13 08:28:14 +0000 2018
hari0729,sbs,963328949613871104,Tue Feb 13 08:28:14 +0000 2018
jintobegi,강릉,963328252625305600,Tue Feb 13 08:25:27 +0000 2018
jintobegi,장사익,963328252625305600,Tue Feb 13 08:25:27 +0000 2018
jintobegi,강릉아트센터,963328252625305600,Tue Feb 13 08:25:27 +0000 2018
taylineo,PyeongChang2018,963327304846934016,Tue Feb 13 08:21:41 +0000 2018
ic_jt_,アイカレ,963327066870394881,Tue Feb 13 08:20:45 +0000 2018
ICUStat,TeamUSA,963325997310533633,Tue Feb 13 08:16:30 +0000 2018
ICUStat,PyeongChang2018,963325997310533633,Tue Feb 13 08:16:30 +0000 2018
TSNScianitti,RegretTheError,963325799385518080,Tue Feb 13 08:15:42 +0000 2018
TSNScianitti,TeamCanada,963325497836032001,Tue Feb 13 08:14:31 +0000 2018
TalarKala,PyeongChang2018,963324762758922240,Tue Feb 13 08:11:35 +0000 2018
jeromereynard,PyeongChang2018,963324420293971968,Tue Feb 13 08:10:14 +0000 2018
RobertZepeda,DPRK,963324375943360513,Tue Feb 13 08:10:03 +0000 2018
RobertZepeda,NorthKorea,963324375943360513,Tue Feb 13 08:10:03 +0000 2018
FranceOlympique,Skidefond,963324133361643520,Tue Feb 13 08:09:05 +0000 2018
SVT_flower_369,모모랜드_사재기_피드백_요구합니다,963323521106460672,Tue Feb 13 08:06:39 +0000 2018
samantha1ynn,PyeongChang,963323154818093056,Tue Feb 13 08:05:12 +0000 2018
kequyenlam,winterolympics,963323010492063745,Tue Feb 13 08:04:38 +0000 2018
kequyenlam,pyeongchang2018,963323010492063745,Tue Feb 13 08:04:38 +0000 2018
kequyenlam,forcaportugal,963323010492063745,Tue Feb 13 08:04:38 +0000 2018
Deena303,vivaldipark,963321685142360064,Tue Feb 13 07:59:22 +0000 2018
Deena303,skiing,963321685142360064,Tue Feb 13 07:59:22 +0000 2018
Deena303,winter,963321685142360064,Tue Feb 13 07:59:22 +0000 2018
aimee_lou_lewis,ChloeKim,963321657950531584,Tue Feb 13 07:59:15 +0000 2018
Okahkonen,asiakas,963321414504755200,Tue Feb 13 07:58:17 +0000 2018
Okahkonen,palveluntarjoaja,963321414504755200,Tue Feb 13 07:58:17 +0000 2018
HagenKearney,TeamUSA,963321196837154816,Tue Feb 13 07:57:25 +0000 2018
HagenKearney,PyeongChang2018,963321196837154816,Tue Feb 13 07:57:25 +0000 2018
WarrenBarnsley,olympics,963320687254319105,Tue Feb 13 07:55:24 +0000 2018
lengan,os18,963320584548638720,Tue Feb 13 07:54:59 +0000 2018
lengan,os2018,963320584548638720,Tue Feb 13 07:54:59 +0000 2018
lengan,twittski,963320584548638720,Tue Feb 13 07:54:59 +0000 2018
Tomntglill,hockeygutta,963319460043075584,Tue Feb 13 07:50:31 +0000 2018
Tomntglill,PyeongChang2018,963319460043075584,Tue Feb 13 07:50:31 +0000 2018
catgau,Gangneung,963319236209733632,Tue Feb 13 07:49:38 +0000 2018
catgau,Morrison,963319236209733632,Tue Feb 13 07:49:38 +0000 2018
2012BTOB_LIGHT,비투비트친소,963319025714454528,Tue Feb 13 07:48:47 +0000 2018
2012BTOB_LIGHT,멜로디트친소,963319025714454528,Tue Feb 13 07:48:47 +0000 2018
LukasStmpfli,Tokyo2020JHouse,963317910365089792,Tue Feb 13 07:44:22 +0000 2018
KHOLMESlive,PyeongChang2018,963317013744517120,Tue Feb 13 07:40:48 +0000 2018
badapple990,연말_기념_트친소,963316842541600768,Tue Feb 13 07:40:07 +0000 2018
fergyrg,lastpreps,963316819833495552,Tue Feb 13 07:40:02 +0000 2018
fergyrg,Ladies,963316819833495552,Tue Feb 13 07:40:02 +0000 2018
fergyrg,Mens,963316819833495552,Tue Feb 13 07:40:02 +0000 2018
fergyrg,ClassicSprints,963316819833495552,Tue Feb 13 07:40:02 +0000 2018
NicoSouchon,champions,963316535639986176,Tue Feb 13 07:38:54 +0000 2018
NicoSouchon,PyeongChang2018,963316535639986176,Tue Feb 13 07:38:54 +0000 2018
NicoSouchon,combinealpin,963316535639986176,Tue Feb 13 07:38:54 +0000 2018
NicoSouchon,argent,963316535639986176,Tue Feb 13 07:38:54 +0000 2018
NicoSouchon,bronze,963316535639986176,Tue Feb 13 07:38:54 +0000 2018
NicoSouchon,medailles,963316535639986176,Tue Feb 13 07:38:54 +0000 2018
HockeyAnalytics,Pyeongyang2018,963316507299102720,Tue Feb 13 07:38:47 +0000 2018
cvmacedog,NovaFotoDoPerfil,963316236087013376,Tue Feb 13 07:37:42 +0000 2018
TeamSlovenia,olimpijskiponos,963316159381585920,Tue Feb 13 07:37:24 +0000 2018
colon1st,콜로봇,963316019178618882,Tue Feb 13 07:36:51 +0000 2018
THELAMA1024,더보이즈,963314809654489088,Tue Feb 13 07:32:02 +0000 2018
THELAMA1024,팬톡방,963314809654489088,Tue Feb 13 07:32:02 +0000 2018
THELAMA1024,고독한_더보이즈,963314809654489088,Tue Feb 13 07:32:02 +0000 2018
m_wesselink,HHH2018,963314808417271808,Tue Feb 13 07:32:02 +0000 2018
m_wesselink,IREEN,963314808417271808,Tue Feb 13 07:32:02 +0000 2018
m_wesselink,GOUD,963314808417271808,Tue Feb 13 07:32:02 +0000 2018
DylanDreyerNBC,suuuuchababy,963314438056153088,Tue Feb 13 07:30:34 +0000 2018
Equipe_Canada,PyeongChang2018,963314072128126976,Tue Feb 13 07:29:06 +0000 2018
JoRyanSalazar,ClosingCeremony,963313478999027712,Tue Feb 13 07:26:45 +0000 2018
JoRyanSalazar,TeamUSA,963313478999027712,Tue Feb 13 07:26:45 +0000 2018
JoRyanSalazar,KPop,963312242555944960,Tue Feb 13 07:21:50 +0000 2018
shanebishop,OlympicGames2018,963312178760577029,Tue Feb 13 07:21:35 +0000 2018
mattgutmanABC,cheerleaders,963311642715963397,Tue Feb 13 07:19:27 +0000 2018
deepbaebae510,배진영,963311506937888768,Tue Feb 13 07:18:55 +0000 2018
YnOxsEdFZBfTLYs,포장철거업체,963310955932209152,Tue Feb 13 07:16:44 +0000 2018
YnOxsEdFZBfTLYs,콘크리트포장철거공사업체,963310955932209152,Tue Feb 13 07:16:44 +0000 2018
YnOxsEdFZBfTLYs,아스콘포장철거업체,963310955932209152,Tue Feb 13 07:16:44 +0000 2018
mattdegroot,AdamRippon,963310795022094336,Tue Feb 13 07:16:05 +0000 2018
FranceOlympique,Skialpin,963310723295207426,Tue Feb 13 07:15:48 +0000 2018
FranceOlympique,PyeongChang2018,963310723295207426,Tue Feb 13 07:15:48 +0000 2018
campsisanna,pyeongchangolympics2018,963310707449237504,Tue Feb 13 07:15:44 +0000 2018
BraveRebelxx,skijumpingfamily,963310482823303168,Tue Feb 13 07:14:51 +0000 2018
YnOxsEdFZBfTLYs,콘크리트포장철거업체,963309836761878529,Tue Feb 13 07:12:17 +0000 2018
YnOxsEdFZBfTLYs,콘크리트포장철거공사업체,963309836761878529,Tue Feb 13 07:12:17 +0000 2018
YnOxsEdFZBfTLYs,콘크리트철거,963309836761878529,Tue Feb 13 07:12:17 +0000 2018
JoRyanSalazar,gold,963309642188124160,Tue Feb 13 07:11:30 +0000 2018
qwertyuiopaeae,아미트친소,963308571994697728,Tue Feb 13 07:07:15 +0000 2018
qwertyuiopaeae,트친소,963308571994697728,Tue Feb 13 07:07:15 +0000 2018
qwertyuiopaeae,트친소를_했는데_트친이_생겼으면_좋겠네,963308571994697728,Tue Feb 13 07:07:15 +0000 2018
qwertyuiopaeae,트친소_RT만_하면_잡으러_갑니당,963308571994697728,Tue Feb 13 07:07:15 +0000 2018
qwertyuiopaeae,iHeartAwards,963308571994697728,Tue Feb 13 07:07:15 +0000 2018
qwertyuiopaeae,BTSARMY,963308571994697728,Tue Feb 13 07:07:15 +0000 2018
ihaaa06,Pyongyang2018,963308292171743233,Tue Feb 13 07:06:08 +0000 2018
ihaaa06,和旅,963308292171743233,Tue Feb 13 07:06:08 +0000 2018
ihaaa06,WATABI,963308292171743233,Tue Feb 13 07:06:08 +0000 2018
YnOxsEdFZBfTLYs,샌드위치판넬철거,963307618797105152,Tue Feb 13 07:03:28 +0000 2018
YnOxsEdFZBfTLYs,경량철골철거,963307618797105152,Tue Feb 13 07:03:28 +0000 2018
YnOxsEdFZBfTLYs,빔철거,963307618797105152,Tue Feb 13 07:03:28 +0000 2018
super_0613,아미트친소,963307358649597952,Tue Feb 13 07:02:26 +0000 2018
super_0613,트친소,963307358649597952,Tue Feb 13 07:02:26 +0000 2018
super_0613,트친소를_했는데_트친이_생겼으면_좋겠네,963307358649597952,Tue Feb 13 07:02:26 +0000 2018
super_0613,트친소_RT만_하면_잡으러_갑니당,963307358649597952,Tue Feb 13 07:02:26 +0000 2018
super_0613,iHeartAwards,963307358649597952,Tue Feb 13 07:02:26 +0000 2018
super_0613,BTSARMY,963307358649597952,Tue Feb 13 07:02:26 +0000 2018
YnOxsEdFZBfTLYs,대형간판철거,963307355906584576,Tue Feb 13 07:02:25 +0000 2018
YnOxsEdFZBfTLYs,광고판철거,963307355906584576,Tue Feb 13 07:02:25 +0000 2018
YnOxsEdFZBfTLYs,철구조물철거,963307355906584576,Tue Feb 13 07:02:25 +0000 2018
YnOxsEdFZBfTLYs,삼원철거010,963307355906584576,Tue Feb 13 07:02:25 +0000 2018
lovehokej,risi,963306966759096320,Tue Feb 13 07:00:52 +0000 2018
21champ,금메달,963306951332515840,Tue Feb 13 07:00:49 +0000 2018
21champ,쇼트트랙,963306951332515840,Tue Feb 13 07:00:49 +0000 2018
21champ,평창올림픽,963306951332515840,Tue Feb 13 07:00:49 +0000 2018
KHOLMESlive,GOLD,963306730540056576,Tue Feb 13 06:59:56 +0000 2018
YvonneBatal,snowchat,963306531138621440,Tue Feb 13 06:59:09 +0000 2018
Hwadam_HHH,제천국제음악영화제,963304958882803712,Tue Feb 13 06:52:54 +0000 2018
Hwadam_HHH,JIMFF,963304958882803712,Tue Feb 13 06:52:54 +0000 2018
DAurousseau,jo2018,963304872534859776,Tue Feb 13 06:52:33 +0000 2018
DAurousseau,ski,963304872534859776,Tue Feb 13 06:52:33 +0000 2018
DAurousseau,snow,963304872534859776,Tue Feb 13 06:52:33 +0000 2018
RobertZepeda,DPRK,963304420208402432,Tue Feb 13 06:50:45 +0000 2018
RobertZepeda,Cheerleaders,963304420208402432,Tue Feb 13 06:50:45 +0000 2018
daichungbong,강원도래요,963304239152771072,Tue Feb 13 06:50:02 +0000 2018
daichungbong,속초시,963304239152771072,Tue Feb 13 06:50:02 +0000 2018
daichungbong,속초붉은대게축제,963304239152771072,Tue Feb 13 06:50:02 +0000 2018
pettzon67,winterolympics,963304064707645440,Tue Feb 13 06:49:21 +0000 2018
johannes_knuth,verrückt,963303894922100736,Tue Feb 13 06:48:40 +0000 2018
edwin_peek,Hirscher,963303754006081537,Tue Feb 13 06:48:06 +0000 2018
edwin_peek,Pinturault,963303754006081537,Tue Feb 13 06:48:06 +0000 2018
edwin_peek,Muffat,963303754006081537,Tue Feb 13 06:48:06 +0000 2018
plan11233,평창동계올림픽,963302156525748225,Tue Feb 13 06:41:46 +0000 2018
plan11233,현대파빌리온,963302156525748225,Tue Feb 13 06:41:46 +0000 2018
plan11233,Pyeongchangolympic2018,963302156525748225,Tue Feb 13 06:41:46 +0000 2018
plan11233,수호랑뱃지,963302156525748225,Tue Feb 13 06:41:46 +0000 2018
plan11233,물방울,963302156525748225,Tue Feb 13 06:41:46 +0000 2018
ABauer_ATR,PyeongChang2018,963300809579511809,Tue Feb 13 06:36:24 +0000 2018
BDzaF4DUGtkKXTF,Tokyo2020JHouse,963300395631038464,Tue Feb 13 06:34:46 +0000 2018
ashley_newey,GoTeamUSA,963300390962737152,Tue Feb 13 06:34:45 +0000 2018
perditafelicien,Halfpipe,963300121461968896,Tue Feb 13 06:33:40 +0000 2018
perditafelicien,PyeongChang2018,963300121461968896,Tue Feb 13 06:33:40 +0000 2018
perditafelicien,CBCOlympics,963300121461968896,Tue Feb 13 06:33:40 +0000 2018
Timwellspent,Olympics,963299127193878529,Tue Feb 13 06:29:43 +0000 2018
Ungski1116,CocaCola,963298195185872897,Tue Feb 13 06:26:01 +0000 2018
Ungski1116,CokePLAY,963298195185872897,Tue Feb 13 06:26:01 +0000 2018
Ungski1116,자이언트자판기,963298195185872897,Tue Feb 13 06:26:01 +0000 2018
Ungski1116,평창2018,963298195185872897,Tue Feb 13 06:26:01 +0000 2018
sdjms,Tistory,963297641999187968,Tue Feb 13 06:23:49 +0000 2018
SamanthaDLee,womenicehockey,963297582989631488,Tue Feb 13 06:23:35 +0000 2018
dongillpark,강원dongill,963297281771421696,Tue Feb 13 06:22:23 +0000 2018
dongillpark,강원도래요,963297281771421696,Tue Feb 13 06:22:23 +0000 2018
dongillpark,솔향강릉,963297281771421696,Tue Feb 13 06:22:23 +0000 2018
dongillpark,강릉대도호보관아,963297281771421696,Tue Feb 13 06:22:23 +0000 2018
dongillpark,단종국장재현,963297281771421696,Tue Feb 13 06:22:23 +0000 2018
KatePalmer_CEO,GoAUS,963297204952694784,Tue Feb 13 06:22:05 +0000 2018
iIXqm3dvQMDKqc3,몬테비비아노,963297016242520064,Tue Feb 13 06:21:20 +0000 2018
iIXqm3dvQMDKqc3,monvi,963297016242520064,Tue Feb 13 06:21:20 +0000 2018
iIXqm3dvQMDKqc3,흑기사,963297016242520064,Tue Feb 13 06:21:20 +0000 2018
iIXqm3dvQMDKqc3,김래원,963297016242520064,Tue Feb 13 06:21:20 +0000 2018
iIXqm3dvQMDKqc3,신세경,963297016242520064,Tue Feb 13 06:21:20 +0000 2018
iIXqm3dvQMDKqc3,주연,963297016242520064,Tue Feb 13 06:21:20 +0000 2018
iIXqm3dvQMDKqc3,드라마협찬,963297016242520064,Tue Feb 13 06:21:20 +0000 2018
Steve_Dao,MosBros,963295713999376384,Tue Feb 13 06:16:10 +0000 2018
SaraSobreHielo,olímpicos,963295504112259072,Tue Feb 13 06:15:20 +0000 2018
SaraSobreHielo,soohorang,963295504112259072,Tue Feb 13 06:15:20 +0000 2018
SaraSobreHielo,TeamESP,963295504112259072,Tue Feb 13 06:15:20 +0000 2018
SaraSobreHielo,olímpicamente,963295504112259072,Tue Feb 13 06:15:20 +0000 2018
TeamSlovenia,TeamSlovenia,963295208082305025,Tue Feb 13 06:14:09 +0000 2018
TeamSlovenia,Olimpijskiponos,963295208082305025,Tue Feb 13 06:14:09 +0000 2018
TeamSlovenia,Olympics,963295208082305025,Tue Feb 13 06:14:09 +0000 2018
TeamSlovenia,slo,963295208082305025,Tue Feb 13 06:14:09 +0000 2018
C3cubeO,スノーボード男子,963295034845159424,Tue Feb 13 06:13:28 +0000 2018
C3cubeO,ハーフパイプ予選2回目,963295034845159424,Tue Feb 13 06:13:28 +0000 2018
C3cubeO,平野歩夢,963295034845159424,Tue Feb 13 06:13:28 +0000 2018
WestCoastKerry,pyeongchang2018,963293679333986304,Tue Feb 13 06:08:04 +0000 2018
TarrantJack,WinterOlympics,963293158783180801,Tue Feb 13 06:06:00 +0000 2018
TarrantJack,PyeongChang2018,963293158783180801,Tue Feb 13 06:06:00 +0000 2018
myungso0314,아미트친소,963292511488819200,Tue Feb 13 06:03:26 +0000 2018
myungso0314,RM,963292511488819200,Tue Feb 13 06:03:26 +0000 2018
myungso0314,ARMY,963292511488819200,Tue Feb 13 06:03:26 +0000 2018
myungso0314,방탄소년단,963292511488819200,Tue Feb 13 06:03:26 +0000 2018
myungso0314,김남준,963292511488819200,Tue Feb 13 06:03:26 +0000 2018
myungso0314,김석진,963292511488819200,Tue Feb 13 06:03:26 +0000 2018
ssmadang_cc,상상마당춘천,963292215404572673,Tue Feb 13 06:02:15 +0000 2018
ssmadang_cc,설문조사,963292215404572673,Tue Feb 13 06:02:15 +0000 2018
ssmadang_cc,이벤트,963292215404572673,Tue Feb 13 06:02:15 +0000 2018
ssmadang_cc,2월,963292215404572673,Tue Feb 13 06:02:15 +0000 2018
MarcelHirscher,pyeongchang2018,963292124451147776,Tue Feb 13 06:01:54 +0000 2018
MarcelHirscher,olympicspirit,963292124451147776,Tue Feb 13 06:01:54 +0000 2018
MarcelHirscher,downhill,963292124451147776,Tue Feb 13 06:01:54 +0000 2018
TarrantJack,WinterOlympics,963292046189518849,Tue Feb 13 06:01:35 +0000 2018
TarrantJack,PyeongChang2018,963292046189518849,Tue Feb 13 06:01:35 +0000 2018
LaineAki,pyeongchang2018,963291561940406272,Tue Feb 13 05:59:40 +0000 2018
LaineAki,olympialaiset,963291561940406272,Tue Feb 13 05:59:40 +0000 2018
LaineAki,olympics,963291561940406272,Tue Feb 13 05:59:40 +0000 2018
bluelife86,트레크루,963291239733841921,Tue Feb 13 05:58:23 +0000 2018
EilidhBarbour,bbcolympics,963290214260092928,Tue Feb 13 05:54:18 +0000 2018
dongillpark,강원dongill,963290046563418112,Tue Feb 13 05:53:38 +0000 2018
dongillpark,강원도래요,963290046563418112,Tue Feb 13 05:53:38 +0000 2018
dongillpark,솔향강릉,963290046563418112,Tue Feb 13 05:53:38 +0000 2018
dongillpark,대관령꽁지,963290046563418112,Tue Feb 13 05:53:38 +0000 2018
dongillpark,강릉농악전수교육관,963290046563418112,Tue Feb 13 05:53:38 +0000 2018
Rlagmlwns5,트레크루,963289830661668864,Tue Feb 13 05:52:47 +0000 2018
dongillpark,강원dongill,963289813687222272,Tue Feb 13 05:52:43 +0000 2018
dongillpark,강원도래요,963289813687222272,Tue Feb 13 05:52:43 +0000 2018
dongillpark,솔향강릉,963289813687222272,Tue Feb 13 05:52:43 +0000 2018
dongillpark,대관령꽁지,963289813687222272,Tue Feb 13 05:52:43 +0000 2018
dongillpark,강릉농악전수교육관,963289813687222272,Tue Feb 13 05:52:43 +0000 2018
algae_rl,더블킥컴퍼니_사재기_피드백,963289531423236096,Tue Feb 13 05:51:36 +0000 2018
cho_liz,knightsrok,963287998254137344,Tue Feb 13 05:45:30 +0000 2018
svtsandberg,svtmorgonstudion,963287486133874688,Tue Feb 13 05:43:28 +0000 2018
svtsandberg,pyengchang2018,963287486133874688,Tue Feb 13 05:43:28 +0000 2018
svtsandberg,svtsport,963287486133874688,Tue Feb 13 05:43:28 +0000 2018
goboow,토지강제수용철폐,963287482887319553,Tue Feb 13 05:43:27 +0000 2018
SaraAerts,pyeongchang2018,963286980921458688,Tue Feb 13 05:41:27 +0000 2018
SaraAerts,sliding2pc18,963286980921458688,Tue Feb 13 05:41:27 +0000 2018
SaraAerts,bobsled,963286980921458688,Tue Feb 13 05:41:27 +0000 2018
SaraAerts,cold,963286980921458688,Tue Feb 13 05:41:27 +0000 2018
SaraAerts,warmingup,963286980921458688,Tue Feb 13 05:41:27 +0000 2018
Ungski1116,Tokyo2020JHouse,963286745054773248,Tue Feb 13 05:40:31 +0000 2018
Ungski1116,강릉올림픽파크,963286745054773248,Tue Feb 13 05:40:31 +0000 2018
Alhenkel,smile,963286350949732357,Tue Feb 13 05:38:57 +0000 2018
jackydoorey,PyeongChang2018,963286218598305792,Tue Feb 13 05:38:26 +0000 2018
pink_smlslh_172,Melon,963286055339241472,Tue Feb 13 05:37:47 +0000 2018
